risk_levels,prior_risk_distribution,TRS_if_healthy,TRS_if_sick,GRS_if_healthy,GRS_if_sick
0.0,0.30926,0.58792,0.06524,0.10811,0.04336
0.01,0.07971,0.07829,0.05918,0.12609,0.08899
0.02,0.05537,0.04846,0.05322,0.11766,0.10505
0.03,0.04343,0.0352,0.05022,0.105,0.10843
0.04,0.03592,0.02718,0.04676,0.09321,0.10297
0.05,0.03215,0.02273,0.04438,0.07869,0.09573
0.06,0.0269,0.01944,0.04157,0.06505,0.08108
0.07,0.02487,0.01682,0.03948,0.05672,0.06998
0.08,0.02329,0.01461,0.03703,0.04618,0.06014
0.09,0.02068,0.01246,0.03545,0.03843,0.04923
0.1,0.01888,0.01158,0.03313,0.03123,0.04071
0.11,0.01693,0.01004,0.03129,0.02562,0.03278
0.12,0.0167,0.00924,0.02951,0.02162,0.02682
0.13,0.01568,0.00768,0.02812,0.01748,0.02179
0.14,0.01394,0.00763,0.02652,0.0146,0.01711
0.15,0.01317,0.0069,0.02559,0.01097,0.01296
0.16,0.013,0.00654,0.02308,0.00953,0.01068
0.17,0.0118,0.00607,0.02164,0.00703,0.00774
0.18,0.01053,0.00512,0.02145,0.00596,0.00568
0.19,0.01041,0.00526,0.01944,0.00439,0.00478
0.2,0.00996,0.00458,0.01807,0.0039,0.00334
0.21,0.00937,0.00389,0.01785,0.0028,0.0028
0.22,0.00901,0.00351,0.01614,0.00226,0.002
0.23,0.00841,0.00373,0.01499,0.00183,0.00143
0.24,0.00814,0.00295,0.01392,0.00127,0.00123
0.25,0.0073,0.00308,0.01352,0.00103,0.00102
0.26,0.00718,0.00262,0.01263,0.00078,0.00062
0.27,0.00752,0.00279,0.01143,0.00064,0.00041
0.28,0.00678,0.00249,0.01115,0.00043,0.00027
0.29,0.0068,0.00221,0.00997,0.00038,0.00037
0.3,0.00641,0.00198,0.00917,0.00018,0.00015
0.31,0.00578,0.00208,0.00928,0.00023,0.00014
0.32,0.00528,0.00186,0.0089,0.00017,9.0e-5
0.33,0.00551,0.00178,0.00831,0.00016,4.0e-5
0.34,0.00556,0.00165,0.00747,6.0e-5,2.0e-5
0.35,0.00503,0.00163,0.00698,6.0e-5,2.0e-5
0.36,0.00459,0.00146,0.00689,6.0e-5,3.0e-5
0.37,0.00473,0.00148,0.00598,5.0e-5,1.0e-5
0.38,0.00449,0.00111,0.00576,4.0e-5,0.0
0.39,0.00367,0.00113,0.00497,4.0e-5,0.0
0.4,0.00432,0.00107,0.00479,1.0e-5,0.0
0.41,0.0039,0.00108,0.00449,0.0,0.0
0.42,0.004,0.00088,0.0043,2.0e-5,0.0
0.43,0.00358,0.0009,0.0037,1.0e-5,0.0
0.44,0.00339,0.00091,0.00393,0.0,0.0
0.45,0.00303,0.00074,0.0032,0.0,0.0
0.46,0.00314,0.00062,0.00313,1.0e-5,0.0
0.47,0.00289,0.00066,0.00288,0.0,0.0
0.48,0.00246,0.00043,0.00242,1.0e-5,0.0
0.49,0.00271,0.00042,0.00209,0.0,0.0
0.5,0.0026,0.00052,0.00198,0.0,0.0
0.51,0.00221,0.0004,0.00192,0.0,0.0
0.52,0.00219,0.00035,0.00179,0.0,0.0
0.53,0.00221,0.00032,0.00143,0.0,0.0
0.54,0.00244,0.00033,0.00163,0.0,0.0
0.55,0.00203,0.00028,0.00126,0.0,0.0
0.56,0.00188,0.00036,0.00112,0.0,0.0
0.57,0.002,0.00029,0.00112,0.0,0.0
0.58,0.00151,0.00026,0.00074,0.0,0.0
0.59,0.00165,0.00023,0.00081,0.0,0.0
0.6,0.00147,0.00016,0.0007,0.0,0.0
0.61,0.00171,0.00012,0.00059,0.0,0.0
0.62,0.00134,0.00011,0.00052,0.0,0.0
0.63,0.00131,0.00012,0.00044,0.0,0.0
0.64,0.00115,0.0002,0.0006,0.0,0.0
0.65,0.00112,0.0001,0.0004,0.0,0.0
0.66,0.00127,0.00013,0.00032,0.0,0.0
0.67,0.00112,7.0e-5,0.00029,0.0,0.0
0.68,0.00091,0.00017,0.00035,0.0,0.0
0.69,0.00091,4.0e-5,0.00026,0.0,0.0
0.7,0.00074,0.0001,0.00015,0.0,0.0
0.71,0.00093,0.0001,0.00017,0.0,0.0
0.72,0.00083,5.0e-5,0.00017,0.0,0.0
0.73,0.0006,6.0e-5,0.00012,0.0,0.0
0.74,0.00046,2.0e-5,7.0e-5,0.0,0.0
0.75,0.00061,2.0e-5,9.0e-5,0.0,0.0
0.76,0.00052,4.0e-5,7.0e-5,0.0,0.0
0.77,0.00057,3.0e-5,8.0e-5,0.0,0.0
0.78,0.00042,1.0e-5,8.0e-5,0.0,0.0
0.79,0.00062,2.0e-5,2.0e-5,0.0,0.0
0.8,0.00044,1.0e-5,5.0e-5,0.0,0.0
0.81,0.00048,3.0e-5,1.0e-5,0.0,0.0
0.82,0.00033,1.0e-5,1.0e-5,0.0,0.0
0.83,0.00031,1.0e-5,1.0e-5,0.0,0.0
0.84,0.00027,1.0e-5,1.0e-5,0.0,0.0
0.85,0.00023,0.0,0.0,0.0,0.0
0.86,0.00016,0.0,0.0,0.0,0.0
0.87,0.00014,2.0e-5,0.0,0.0,0.0
0.88,0.00015,1.0e-5,0.0,0.0,0.0
0.89,0.00011,0.0,0.0,0.0,0.0
0.9,0.00014,0.0,0.0,0.0,0.0
0.91,8.0e-5,0.0,0.0,0.0,0.0
0.92,4.0e-5,0.0,1.0e-5,0.0,0.0
0.93,6.0e-5,0.0,0.0,0.0,0.0
0.94,7.0e-5,0.0,0.0,0.0,0.0
0.95,4.0e-5,0.0,0.0,0.0,0.0
0.96,1.0e-5,0.0,0.0,0.0,0.0
0.97,4.0e-5,0.0,0.0,0.0,0.0
0.98,1.0e-5,0.0,0.0,0.0,0.0
0.99,0.0,0.0,0.0,0.0,0.0
1.0,0.0,0.0,0.0,0.0,0.0
